Type,Target,Repository,Result,Ground Truth
o,O0,O1,1,TRUE
o,O0,O1,0,FALSE
o,O0,O1,1,TRUE
o,O0,O1,1,TRUE
o,O0,O1,1,TRUE
o,O0,O1,1,TRUE
o,O0,O1,1,TRUE
o,O0,O1,1,TRUE
o,O0,O1,1,TRUE
o,O0,O1,1,TRUE
o,O0,O1,1,TRUE
o,O0,O1,1,TRUE
o,O0,O1,0,FALSE
o,O0,O1,1,TRUE
o,O0,O1,1,TRUE
o,O0,O1,0,FALSE
o,O0,O1,1,TRUE
o,O0,O1,1,TRUE
o,O0,O1,0,FALSE
o,O0,O1,1,TRUE
o,O0,O1,1,TRUE
o,O0,O1,1,TRUE
o,O0,O1,1,TRUE
o,O0,O1,0,FALSE
o,O0,O1,0,FALSE
o,O0,O1,1,TRUE
o,O0,O1,1,TRUE
o,O0,O1,1,TRUE
o,O0,O1,0,FALSE
o,O0,O1,1,TRUE
o,O0,O1,1,TRUE
o,O0,O1,1,TRUE
o,O0,O1,1,TRUE
o,O0,O1,1,TRUE
o,O0,O1,1,TRUE
o,O0,O1,1,TRUE
o,O0,O1,1,TRUE
o,O0,O1,0,FALSE
o,O0,O1,1,TRUE
o,O0,O1,0,FALSE
o,O0,O1,1,TRUE
o,O0,O1,1,TRUE
o,O0,O1,1,TRUE
o,O0,O1,1,TRUE
o,O0,O1,0,FALSE
o,O0,O1,0,FALSE
o,O0,O1,1,TRUE
o,O0,O1,1,TRUE
o,O0,O1,0,FALSE
o,O0,O1,0,FALSE
o,O0,O1,0,FALSE
o,O0,O1,1,TRUE
o,O0,O1,1,TRUE
o,O0,O1,1,TRUE
o,O0,O1,1,TRUE
o,O0,O1,1,TRUE
o,O0,O1,1,TRUE
o,O0,O1,0,FALSE
o,O0,O1,1,TRUE
o,O0,O1,1,TRUE
o,O0,O1,1,TRUE
o,O0,O1,1,TRUE
o,O0,O1,1,TRUE
o,O0,O1,1,TRUE
o,O0,O1,0,FALSE
o,O0,O1,1,TRUE
o,O0,O1,1,TRUE
o,O0,O1,0,FALSE
o,O0,O1,1,TRUE
o,O0,O1,1,TRUE
o,O0,O1,0,FALSE
o,O0,O1,1,TRUE
o,O0,O1,0,FALSE
o,O0,O1,1,TRUE
o,O0,O1,0,FALSE
o,O0,O1,1,TRUE
o,O0,O1,1,TRUE
o,O0,O1,1,TRUE
o,O0,O1,1,TRUE
o,O0,O1,1,TRUE
o,O0,O1,1,TRUE
o,O0,O1,1,TRUE
o,O0,O1,1,TRUE
o,O0,O1,1,TRUE
o,O0,O1,1,TRUE
o,O0,O1,0,FALSE
o,O0,O1,1,TRUE
o,O0,O1,1,TRUE
o,O0,O1,0,FALSE
o,O0,O1,1,TRUE
o,O0,O1,1,TRUE
o,O0,O1,1,TRUE
o,O0,O1,1,TRUE
o,O0,O1,0,FALSE
o,O0,O1,1,TRUE
o,O0,O1,1,TRUE
o,O0,O1,0,FALSE
o,O0,O1,1,TRUE
o,O0,O1,1,TRUE
o,O0,O1,1,TRUE
o,O0,O1,1,TRUE
o,O0,O1,1,TRUE
o,O0,O1,1,TRUE
o,O0,O1,1,TRUE
o,O0,O1,0,FALSE
o,O0,O1,1,TRUE
o,O0,O1,1,TRUE
o,O0,O1,0,FALSE
o,O0,O1,1,TRUE
o,O0,O1,1,TRUE
o,O0,O1,1,TRUE
o,O0,O1,1,TRUE
o,O0,O1,1,TRUE
o,O0,O1,1,TRUE
o,O0,O1,1,TRUE
o,O0,O1,1,TRUE
o,O0,O1,1,TRUE
o,O0,O1,1,TRUE
o,O0,O1,1,TRUE
o,O0,O1,1,TRUE
o,O0,O1,1,TRUE
o,O0,O1,1,TRUE
o,O0,O1,1,TRUE
o,O0,O1,1,TRUE
o,O0,O1,1,TRUE
o,O0,O1,0,FALSE
o,O0,O1,1,TRUE
o,O0,O1,1,TRUE
o,O0,O1,1,TRUE
o,O0,O1,1,TRUE
o,O0,O1,1,TRUE
o,O0,O1,1,TRUE
o,O0,O1,1,TRUE
o,O0,O1,1,TRUE
o,O0,O1,0,FALSE
o,O0,O1,1,TRUE
o,O0,O1,1,TRUE
o,O0,O1,1,TRUE
o,O0,O1,0,FALSE
o,O0,O1,1,TRUE
o,O0,O1,1,TRUE
o,O0,O1,1,TRUE
o,O0,O1,1,TRUE
o,O0,O1,1,TRUE
o,O0,O1,0,FALSE
o,O0,O1,0,FALSE
o,O0,O1,0,FALSE
o,O0,O1,1,TRUE
o,O0,O1,1,TRUE
o,O0,O1,1,TRUE
o,O0,O1,1,TRUE
o,O0,O1,1,TRUE
o,O0,O1,1,TRUE
o,O0,O1,1,TRUE
o,O0,O1,1,TRUE
o,O0,O1,1,TRUE
o,O0,O1,1,TRUE
o,O0,O1,1,TRUE
o,O0,O1,1,TRUE
o,O0,O1,1,TRUE
o,O0,O1,1,TRUE
o,O0,O1,1,TRUE
o,O0,O1,1,TRUE
o,O0,O1,1,TRUE
o,O0,O1,1,TRUE
o,O0,O1,1,TRUE
o,O0,O1,1,TRUE
o,O0,O1,1,TRUE
o,O0,O1,1,TRUE
o,O0,O1,0,FALSE
o,O0,O1,1,TRUE
o,O0,O1,1,TRUE
o,O0,O2,0,FALSE
o,O0,O2,1,TRUE
o,O0,O2,0,FALSE
o,O0,O2,0,FALSE
o,O0,O2,0,FALSE
o,O0,O2,0,FALSE
o,O0,O2,0,FALSE
o,O0,O2,1,TRUE
o,O0,O2,1,TRUE
o,O0,O2,0,FALSE
o,O0,O2,0,FALSE
o,O0,O2,0,FALSE
o,O0,O2,0,FALSE
o,O0,O2,0,FALSE
o,O0,O2,0,FALSE
o,O0,O2,1,TRUE
o,O0,O2,1,TRUE
o,O0,O2,0,FALSE
o,O0,O2,1,TRUE
o,O0,O2,0,FALSE
o,O0,O2,1,TRUE
o,O0,O2,0,FALSE
o,O0,O2,0,FALSE
o,O0,O2,1,TRUE
o,O0,O2,1,TRUE
o,O0,O2,0,FALSE
o,O0,O2,0,FALSE
o,O0,O2,0,FALSE
o,O0,O2,0,FALSE
o,O0,O2,0,FALSE
o,O0,O2,0,FALSE
o,O0,O2,0,FALSE
o,O0,O2,0,FALSE
o,O0,O2,1,TRUE
o,O0,O2,1,TRUE
o,O0,O2,0,FALSE
o,O0,O2,0,FALSE
o,O0,O2,0,FALSE
o,O0,O2,0,FALSE
o,O0,O2,0,TRUE
o,O0,O2,0,FALSE
o,O0,O2,0,FALSE
o,O0,O2,1,TRUE
o,O0,O2,0,FALSE
o,O0,O2,0,FALSE
o,O0,O2,1,TRUE
o,O0,O2,1,TRUE
o,O0,O2,0,FALSE
o,O0,O2,1,TRUE
o,O0,O2,1,TRUE
o,O0,O2,0,FALSE
o,O0,O2,0,FALSE
o,O0,O2,1,TRUE
o,O0,O2,0,FALSE
o,O0,O2,0,FALSE
o,O0,O2,1,TRUE
o,O0,O2,1,TRUE
o,O0,O2,1,TRUE
o,O0,O2,0,FALSE
o,O0,O2,0,FALSE
o,O0,O2,1,TRUE
o,O0,O2,1,TRUE
o,O0,O2,0,FALSE
o,O0,O2,1,TRUE
o,O0,O2,0,FALSE
o,O0,O2,1,TRUE
o,O0,O2,1,TRUE
o,O0,O2,0,FALSE
o,O0,O2,1,TRUE
o,O0,O2,0,FALSE
o,O0,O2,0,FALSE
o,O0,O2,1,TRUE
o,O0,O2,1,TRUE
o,O0,O2,0,TRUE
o,O0,O2,1,TRUE
o,O0,O2,0,FALSE
o,O0,O2,0,FALSE
o,O0,O2,0,FALSE
o,O0,O2,0,FALSE
o,O0,O2,0,FALSE
o,O0,O2,0,FALSE
o,O0,O2,0,FALSE
o,O0,O2,1,TRUE
o,O0,O2,0,FALSE
o,O0,O2,0,TRUE
o,O0,O2,0,FALSE
o,O0,O2,1,TRUE
o,O0,O2,0,FALSE
o,O0,O2,0,FALSE
o,O0,O2,0,FALSE
o,O0,O2,0,FALSE
o,O0,O2,1,TRUE
o,O0,O2,0,FALSE
o,O0,O2,1,TRUE
o,O0,O2,0,FALSE
o,O0,O2,1,TRUE
o,O0,O2,0,FALSE
o,O0,O2,0,FALSE
o,O0,O2,0,FALSE
o,O0,O2,1,TRUE
o,O0,O2,0,FALSE
o,O0,O2,1,TRUE
o,O0,O2,1,TRUE
o,O0,O2,1,TRUE
o,O0,O2,1,TRUE
o,O0,O2,0,FALSE
o,O0,O2,0,FALSE
o,O0,O2,0,FALSE
o,O0,O2,0,FALSE
o,O0,O2,0,FALSE
o,O0,O2,1,TRUE
o,O0,O2,1,TRUE
o,O0,O2,1,TRUE
o,O0,O2,0,FALSE
o,O0,O2,0,FALSE
o,O0,O2,1,TRUE
o,O0,O2,0,FALSE
o,O0,O2,0,FALSE
o,O0,O2,1,TRUE
o,O0,O2,1,TRUE
o,O0,O2,1,TRUE
o,O0,O2,0,FALSE
o,O0,O2,0,FALSE
o,O0,O2,1,TRUE
o,O0,O2,1,TRUE
o,O0,O2,1,TRUE
o,O0,O2,0,FALSE
o,O0,O2,1,TRUE
o,O0,O2,1,TRUE
o,O0,O2,0,FALSE
o,O0,O2,1,TRUE
o,O0,O2,1,TRUE
o,O0,O2,0,FALSE
o,O0,O2,1,TRUE
o,O0,O2,0,FALSE
o,O0,O2,1,TRUE
o,O0,O2,0,FALSE
o,O0,O2,1,TRUE
o,O0,O2,1,TRUE
o,O0,O2,1,TRUE
o,O0,O2,1,TRUE
o,O0,O2,0,FALSE
o,O0,O2,0,FALSE
o,O0,O2,0,FALSE
o,O0,O2,0,FALSE
o,O0,O2,0,FALSE
o,O0,O2,1,TRUE
o,O0,O2,1,TRUE
o,O0,O2,0,FALSE
o,O0,O2,0,FALSE
o,O0,O2,1,TRUE
o,O0,O2,0,FALSE
o,O0,O2,0,FALSE
o,O0,O2,0,FALSE
o,O0,O2,0,TRUE
o,O0,O2,1,TRUE
o,O0,O2,0,FALSE
o,O0,O2,1,TRUE
o,O0,O2,0,FALSE
o,O0,O2,1,TRUE
o,O0,O2,1,TRUE
o,O0,O2,1,TRUE
o,O0,O2,1,TRUE
o,O0,O2,0,FALSE
o,O0,O2,0,FALSE
o,O0,O2,0,FALSE
o,O0,O2,0,FALSE
o,O0,O2,1,TRUE
o,O0,O2,0,FALSE
o,O0,O2,1,TRUE
o,O0,O2,0,TRUE
o,O0,O2,0,FALSE
o,O0,O3,1,TRUE
o,O0,O3,0,FALSE
o,O0,O3,1,TRUE
o,O0,O3,1,TRUE
o,O0,O3,0,FALSE
o,O0,O3,1,TRUE
o,O0,O3,0,FALSE
o,O0,O3,0,FALSE
o,O0,O3,0,FALSE
o,O0,O3,1,TRUE
o,O0,O3,1,TRUE
o,O0,O3,0,FALSE
o,O0,O3,0,FALSE
o,O0,O3,0,FALSE
o,O0,O3,0,FALSE
o,O0,O3,0,FALSE
o,O0,O3,0,FALSE
o,O0,O3,0,FALSE
o,O0,O3,1,TRUE
o,O0,O3,1,TRUE
o,O0,O3,0,FALSE
o,O0,O3,0,FALSE
o,O0,O3,0,FALSE
o,O0,O3,0,FALSE
o,O0,O3,1,TRUE
o,O0,O3,1,TRUE
o,O0,O3,0,FALSE
o,O0,O3,1,TRUE
o,O0,O3,0,FALSE
o,O0,O3,1,TRUE
o,O0,O3,0,FALSE
o,O0,O3,0,FALSE
o,O0,O3,1,TRUE
o,O0,O3,0,FALSE
o,O0,O3,0,FALSE
o,O0,O3,1,TRUE
o,O0,O3,1,TRUE
o,O0,O3,0,FALSE
o,O0,O3,0,FALSE
o,O0,O3,0,FALSE
o,O0,O3,0,FALSE
o,O0,O3,0,FALSE
o,O0,O3,0,FALSE
o,O0,O3,0,FALSE
o,O0,O3,0,FALSE
o,O0,O3,1,TRUE
o,O0,O3,0,FALSE
o,O0,O3,0,FALSE
o,O0,O3,0,FALSE
o,O0,O3,0,FALSE
o,O0,O3,0,FALSE
o,O0,O3,0,FALSE
o,O0,O3,0,FALSE
o,O0,O3,0,FALSE
o,O0,O3,0,FALSE
o,O0,O3,0,FALSE
o,O0,O3,0,FALSE
o,O0,O3,1,TRUE
o,O0,O3,1,TRUE
o,O0,O3,0,FALSE
o,O0,O3,1,TRUE
o,O0,O3,1,TRUE
o,O0,O3,0,FALSE
o,O0,O3,1,TRUE
o,O0,O3,0,FALSE
o,O0,O3,1,TRUE
o,O0,O3,1,TRUE
o,O0,O3,0,FALSE
o,O0,O3,1,TRUE
o,O0,O3,0,FALSE
o,O0,O3,0,FALSE
o,O0,O3,0,FALSE
o,O0,O3,0,FALSE
o,O0,O3,1,TRUE
o,O0,O3,0,FALSE
o,O0,O3,0,FALSE
o,O0,O3,0,FALSE
o,O0,O3,1,TRUE
o,O0,O3,0,FALSE
o,O0,O3,0,FALSE
o,O0,O3,1,TRUE
o,O0,O3,1,TRUE
o,O0,O3,0,FALSE
o,O0,O3,0,FALSE
o,O0,O3,0,FALSE
o,O0,O3,1,TRUE
o,O0,O3,0,FALSE
o,O0,O3,1,TRUE
o,O0,O3,0,FALSE
o,O0,O3,0,FALSE
o,O0,O3,0,FALSE
o,O0,O3,0,FALSE
o,O0,O3,0,FALSE
o,O0,O3,0,FALSE
o,O0,O3,0,FALSE
o,O0,O3,0,FALSE
o,O0,O3,0,FALSE
o,O0,O3,0,FALSE
o,O0,O3,0,FALSE
o,O0,O3,0,FALSE
o,O0,O3,1,TRUE
o,O0,O3,1,TRUE
o,O0,O3,0,FALSE
o,O0,O3,0,FALSE
o,O0,O3,1,TRUE
o,O0,O3,1,TRUE
o,O0,O3,1,TRUE
o,O0,O3,0,FALSE
o,O0,O3,1,TRUE
o,O0,O3,0,FALSE
o,O0,O3,0,FALSE
o,O0,O3,0,FALSE
o,O0,O3,0,FALSE
o,O0,O3,0,FALSE
o,O0,O3,0,FALSE
o,O0,O3,1,TRUE
o,O0,O3,1,TRUE
o,O0,O3,0,FALSE
o,O0,O3,0,FALSE
o,O0,O3,1,TRUE
o,O0,O3,0,FALSE
o,O0,O3,0,FALSE
o,O0,O3,0,FALSE
o,O0,O3,0,FALSE
o,O0,O3,1,TRUE
o,O0,O3,0,FALSE
o,O0,O3,1,TRUE
o,O0,O3,0,FALSE
o,O0,O3,0,FALSE
o,O0,O3,0,FALSE
o,O0,O3,0,FALSE
o,O0,O3,0,FALSE
o,O0,O3,1,TRUE
o,O0,O3,0,FALSE
o,O0,O3,0,FALSE
o,O0,O3,0,FALSE
o,O0,O3,0,FALSE
o,O0,O3,0,FALSE
o,O0,O3,0,FALSE
o,O0,O3,0,FALSE
o,O0,O3,0,FALSE
o,O0,O3,1,TRUE
o,O0,O3,1,TRUE
o,O0,O3,0,FALSE
o,O0,O3,0,FALSE
o,O0,O3,1,TRUE
o,O0,O3,0,FALSE
o,O0,O3,0,FALSE
o,O0,O3,0,FALSE
o,O0,O3,1,TRUE
o,O0,O3,0,FALSE
o,O0,O3,0,FALSE
o,O0,O3,0,FALSE
o,O0,O3,0,FALSE
o,O0,O3,1,TRUE
o,O0,O3,1,TRUE
o,O0,O3,1,TRUE
o,O0,O3,0,FALSE
o,O0,O3,1,TRUE
o,O0,O3,0,FALSE
o,O0,O3,0,FALSE
o,O0,O3,0,FALSE
o,O0,O3,0,FALSE
o,O0,O3,0,FALSE
o,O0,O3,0,FALSE
o,O0,O3,1,TRUE
o,O0,O3,0,FALSE
o,O0,O3,0,FALSE
o,O0,O3,1,TRUE
o,O0,O3,0,FALSE
o,O0,O3,0,FALSE
o,O0,O3,1,TRUE
o,O1,O2,1,TRUE
o,O1,O2,0,FALSE
o,O1,O2,0,FALSE
o,O1,O2,1,TRUE
o,O1,O2,1,TRUE
o,O1,O2,0,FALSE
o,O1,O2,1,TRUE
o,O1,O2,0,FALSE
o,O1,O2,1,TRUE
o,O1,O2,1,TRUE
o,O1,O2,1,TRUE
o,O1,O2,1,TRUE
o,O1,O2,1,TRUE
o,O1,O2,1,TRUE
o,O1,O2,0,FALSE
o,O1,O2,1,TRUE
o,O1,O2,1,TRUE
o,O1,O2,0,FALSE
o,O1,O2,0,FALSE
o,O1,O2,1,TRUE
o,O1,O2,0,FALSE
o,O1,O2,1,TRUE
o,O1,O2,0,FALSE
o,O1,O2,1,TRUE
o,O1,O2,1,TRUE
o,O1,O2,1,TRUE
o,O1,O2,0,FALSE
o,O1,O2,1,TRUE
o,O1,O2,1,TRUE
o,O1,O2,1,TRUE
o,O1,O2,1,TRUE
o,O1,O2,1,TRUE
o,O1,O2,1,TRUE
o,O1,O2,1,TRUE
o,O1,O2,1,TRUE
o,O1,O2,1,TRUE
o,O1,O2,1,TRUE
o,O1,O2,0,FALSE
o,O1,O2,1,TRUE
o,O1,O2,1,TRUE
o,O1,O2,1,TRUE
o,O1,O2,0,TRUE
o,O1,O2,0,FALSE
o,O1,O2,1,TRUE
o,O1,O2,1,TRUE
o,O1,O2,1,TRUE
o,O1,O2,0,FALSE
o,O1,O2,0,FALSE
o,O1,O2,1,TRUE
o,O1,O2,1,TRUE
o,O1,O2,0,FALSE
o,O1,O2,1,TRUE
o,O1,O2,0,FALSE
o,O1,O2,1,TRUE
o,O1,O2,0,FALSE
o,O1,O2,0,FALSE
o,O1,O2,1,TRUE
o,O1,O2,0,FALSE
o,O1,O2,1,TRUE
o,O1,O2,0,FALSE
o,O1,O2,0,FALSE
o,O1,O2,1,TRUE
o,O1,O2,1,TRUE
o,O1,O2,1,TRUE
o,O1,O2,1,TRUE
o,O1,O2,1,TRUE
o,O1,O2,0,FALSE
o,O1,O2,1,TRUE
o,O1,O2,1,TRUE
o,O1,O2,0,FALSE
o,O1,O2,0,FALSE
o,O1,O2,1,TRUE
o,O1,O2,1,TRUE
o,O1,O2,1,TRUE
o,O1,O2,1,TRUE
o,O1,O2,1,TRUE
o,O1,O2,1,TRUE
o,O1,O2,1,TRUE
o,O1,O2,1,TRUE
o,O1,O2,1,TRUE
o,O1,O2,1,TRUE
o,O1,O2,1,TRUE
o,O1,O2,1,TRUE
o,O1,O2,0,FALSE
o,O1,O2,0,FALSE
o,O1,O2,1,TRUE
o,O1,O2,0,FALSE
o,O1,O2,1,TRUE
o,O1,O2,0,FALSE
o,O1,O2,1,TRUE
o,O1,O2,1,TRUE
o,O1,O2,1,TRUE
o,O1,O2,1,TRUE
o,O1,O2,0,FALSE
o,O1,O2,1,TRUE
o,O1,O2,0,FALSE
o,O1,O2,1,TRUE
o,O1,O2,1,TRUE
o,O1,O2,1,TRUE
o,O1,O2,0,FALSE
o,O1,O2,1,TRUE
o,O1,O2,1,TRUE
o,O1,O2,0,FALSE
o,O1,O2,0,FALSE
o,O1,O2,1,TRUE
o,O1,O2,0,FALSE
o,O1,O2,1,TRUE
o,O1,O2,0,FALSE
o,O1,O2,1,TRUE
o,O1,O2,1,TRUE
o,O1,O2,0,FALSE
o,O1,O2,1,TRUE
o,O1,O2,0,FALSE
o,O1,O2,1,TRUE
o,O1,O2,1,TRUE
o,O1,O2,0,FALSE
o,O1,O2,0,FALSE
o,O1,O2,1,TRUE
o,O1,O2,0,TRUE
o,O1,O2,1,TRUE
o,O1,O2,0,FALSE
o,O1,O2,0,FALSE
o,O1,O2,1,TRUE
o,O1,O2,0,FALSE
o,O1,O2,1,TRUE
o,O1,O2,1,TRUE
o,O1,O2,1,TRUE
o,O1,O2,1,TRUE
o,O1,O2,1,TRUE
o,O1,O2,1,TRUE
o,O1,O2,1,TRUE
o,O1,O2,1,TRUE
o,O1,O2,1,TRUE
o,O1,O2,1,TRUE
o,O1,O2,0,FALSE
o,O1,O2,0,FALSE
o,O1,O2,1,TRUE
o,O1,O2,1,TRUE
o,O1,O2,1,TRUE
o,O1,O2,1,TRUE
o,O1,O2,1,TRUE
o,O1,O2,1,TRUE
o,O1,O2,0,FALSE
o,O1,O2,1,TRUE
o,O1,O2,0,FALSE
o,O1,O2,1,TRUE
o,O1,O2,1,TRUE
o,O1,O2,1,TRUE
o,O1,O2,1,TRUE
o,O1,O2,1,TRUE
o,O1,O2,1,TRUE
o,O1,O2,1,TRUE
o,O1,O2,1,TRUE
o,O1,O2,0,FALSE
o,O1,O2,1,TRUE
o,O1,O2,1,TRUE
o,O1,O2,1,TRUE
o,O1,O2,0,FALSE
o,O1,O2,1,TRUE
o,O1,O2,1,TRUE
o,O1,O2,1,TRUE
o,O1,O2,1,TRUE
o,O1,O2,1,TRUE
o,O1,O2,1,TRUE
o,O1,O2,1,TRUE
o,O1,O2,0,FALSE
o,O1,O2,1,TRUE
o,O1,O2,0,FALSE
o,O1,O2,1,TRUE
o,O1,O2,1,TRUE
o,O1,O2,1,TRUE
o,O1,O2,1,TRUE
o,O1,O3,0,FALSE
o,O1,O3,0,FALSE
o,O1,O3,0,FALSE
o,O1,O3,0,FALSE
o,O1,O3,0,FALSE
o,O1,O3,1,TRUE
o,O1,O3,1,TRUE
o,O1,O3,0,FALSE
o,O1,O3,0,FALSE
o,O1,O3,1,TRUE
o,O1,O3,1,TRUE
o,O1,O3,1,TRUE
o,O1,O3,0,FALSE
o,O1,O3,0,FALSE
o,O1,O3,1,TRUE
o,O1,O3,0,FALSE
o,O1,O3,0,FALSE
o,O1,O3,0,FALSE
o,O1,O3,1,TRUE
o,O1,O3,1,TRUE
o,O1,O3,1,TRUE
o,O1,O3,1,TRUE
o,O1,O3,0,FALSE
o,O1,O3,0,FALSE
o,O1,O3,1,TRUE
o,O1,O3,1,TRUE
o,O1,O3,1,TRUE
o,O1,O3,0,FALSE
o,O1,O3,0,FALSE
o,O1,O3,0,FALSE
o,O1,O3,1,TRUE
o,O1,O3,0,FALSE
o,O1,O3,0,FALSE
o,O1,O3,0,FALSE
o,O1,O3,0,FALSE
o,O1,O3,1,TRUE
o,O1,O3,0,FALSE
o,O1,O3,1,TRUE
o,O1,O3,1,TRUE
o,O1,O3,1,TRUE
o,O1,O3,1,TRUE
o,O1,O3,1,TRUE
o,O1,O3,0,FALSE
o,O1,O3,0,FALSE
o,O1,O3,0,FALSE
o,O1,O3,0,FALSE
o,O1,O3,1,TRUE
o,O1,O3,0,FALSE
o,O1,O3,1,TRUE
o,O1,O3,1,TRUE
o,O1,O3,0,FALSE
o,O1,O3,1,TRUE
o,O1,O3,0,FALSE
o,O1,O3,1,TRUE
o,O1,O3,0,FALSE
o,O1,O3,1,TRUE
o,O1,O3,1,TRUE
o,O1,O3,1,TRUE
o,O1,O3,0,FALSE
o,O1,O3,1,TRUE
o,O1,O3,0,FALSE
o,O1,O3,1,TRUE
o,O1,O3,1,TRUE
o,O1,O3,1,TRUE
o,O1,O3,0,FALSE
o,O1,O3,1,TRUE
o,O1,O3,1,TRUE
o,O1,O3,1,TRUE
o,O1,O3,0,FALSE
o,O1,O3,0,FALSE
o,O1,O3,1,TRUE
o,O1,O3,0,FALSE
o,O1,O3,0,FALSE
o,O1,O3,0,FALSE
o,O1,O3,1,TRUE
o,O1,O3,1,TRUE
o,O1,O3,0,FALSE
o,O1,O3,1,TRUE
o,O1,O3,1,TRUE
o,O1,O3,1,TRUE
o,O1,O3,0,FALSE
o,O1,O3,1,TRUE
o,O1,O3,0,FALSE
o,O1,O3,1,TRUE
o,O1,O3,0,FALSE
o,O1,O3,1,TRUE
o,O1,O3,1,TRUE
o,O1,O3,1,TRUE
o,O1,O3,1,TRUE
o,O1,O3,0,FALSE
o,O1,O3,0,FALSE
o,O1,O3,0,FALSE
o,O1,O3,1,TRUE
o,O1,O3,1,TRUE
o,O1,O3,0,FALSE
o,O1,O3,1,TRUE
o,O1,O3,0,FALSE
o,O1,O3,0,FALSE
o,O1,O3,0,FALSE
o,O1,O3,1,TRUE
o,O1,O3,1,TRUE
o,O1,O3,1,TRUE
o,O1,O3,1,TRUE
o,O1,O3,1,TRUE
o,O1,O3,1,TRUE
o,O1,O3,0,FALSE
o,O1,O3,0,FALSE
o,O1,O3,0,FALSE
o,O1,O3,1,TRUE
o,O1,O3,0,FALSE
o,O1,O3,1,TRUE
o,O1,O3,1,TRUE
o,O1,O3,0,FALSE
o,O1,O3,1,TRUE
o,O1,O3,0,FALSE
o,O1,O3,0,FALSE
o,O1,O3,1,TRUE
o,O1,O3,1,TRUE
o,O1,O3,1,TRUE
o,O1,O3,1,TRUE
o,O1,O3,0,FALSE
o,O1,O3,0,FALSE
o,O1,O3,1,TRUE
o,O1,O3,1,TRUE
o,O1,O3,1,TRUE
o,O1,O3,1,TRUE
o,O1,O3,1,TRUE
o,O1,O3,0,FALSE
o,O1,O3,0,FALSE
o,O1,O3,0,FALSE
o,O1,O3,0,FALSE
o,O1,O3,1,TRUE
o,O1,O3,1,TRUE
o,O1,O3,1,TRUE
o,O1,O3,0,FALSE
o,O1,O3,1,TRUE
o,O1,O3,1,TRUE
o,O1,O3,0,FALSE
o,O1,O3,0,FALSE
o,O1,O3,0,FALSE
o,O1,O3,1,TRUE
o,O1,O3,1,TRUE
o,O1,O3,0,FALSE
o,O1,O3,0,FALSE
o,O1,O3,0,FALSE
o,O1,O3,0,FALSE
o,O1,O3,0,FALSE
o,O1,O3,0,FALSE
o,O1,O3,0,FALSE
o,O1,O3,1,TRUE
o,O1,O3,0,FALSE
o,O1,O3,0,FALSE
o,O1,O3,0,FALSE
o,O1,O3,0,FALSE
o,O1,O3,1,TRUE
o,O1,O3,1,TRUE
o,O1,O3,0,FALSE
o,O1,O3,1,TRUE
o,O1,O3,0,FALSE
o,O1,O3,1,TRUE
o,O1,O3,1,TRUE
o,O1,O3,1,TRUE
o,O1,O3,1,TRUE
o,O1,O3,1,TRUE
o,O1,O3,1,TRUE
o,O1,O3,0,FALSE
o,O1,O3,0,FALSE
o,O1,O3,1,TRUE
o,O1,O3,1,TRUE
o,O1,O3,1,TRUE
o,O1,O3,1,TRUE
o,O1,O3,0,FALSE
o,O2,O3,0,FALSE
o,O2,O3,0,FALSE
o,O2,O3,1,TRUE
o,O2,O3,1,TRUE
o,O2,O3,1,TRUE
o,O2,O3,1,TRUE
o,O2,O3,1,TRUE
o,O2,O3,1,TRUE
o,O2,O3,1,TRUE
o,O2,O3,1,TRUE
o,O2,O3,1,TRUE
o,O2,O3,1,TRUE
o,O2,O3,1,TRUE
o,O2,O3,1,TRUE
o,O2,O3,1,TRUE
o,O2,O3,1,TRUE
o,O2,O3,1,TRUE
o,O2,O3,0,FALSE
o,O2,O3,1,TRUE
o,O2,O3,1,TRUE
o,O2,O3,1,TRUE
o,O2,O3,0,FALSE
o,O2,O3,1,TRUE
o,O2,O3,1,TRUE
o,O2,O3,1,TRUE
o,O2,O3,1,TRUE
o,O2,O3,1,TRUE
o,O2,O3,1,TRUE
o,O2,O3,1,TRUE
o,O2,O3,1,TRUE
o,O2,O3,1,TRUE
o,O2,O3,1,TRUE
o,O2,O3,1,TRUE
o,O2,O3,1,TRUE
o,O2,O3,0,FALSE
o,O2,O3,1,TRUE
o,O2,O3,1,TRUE
o,O2,O3,1,TRUE
o,O2,O3,1,TRUE
o,O2,O3,1,TRUE
o,O2,O3,1,TRUE
o,O2,O3,1,TRUE
o,O2,O3,0,FALSE
o,O2,O3,1,TRUE
o,O2,O3,1,TRUE
o,O2,O3,1,TRUE
o,O2,O3,1,TRUE
o,O2,O3,1,TRUE
o,O2,O3,1,TRUE
o,O2,O3,1,TRUE
o,O2,O3,1,TRUE
o,O2,O3,1,TRUE
o,O2,O3,1,TRUE
o,O2,O3,1,TRUE
o,O2,O3,1,TRUE
o,O2,O3,1,TRUE
o,O2,O3,0,FALSE
o,O2,O3,1,TRUE
o,O2,O3,0,FALSE
o,O2,O3,1,TRUE
o,O2,O3,1,TRUE
o,O2,O3,1,TRUE
o,O2,O3,1,TRUE
o,O2,O3,1,TRUE
o,O2,O3,1,TRUE
o,O2,O3,1,TRUE
o,O2,O3,1,TRUE
o,O2,O3,1,TRUE
o,O2,O3,1,TRUE
o,O2,O3,1,TRUE
o,O2,O3,1,TRUE
o,O2,O3,1,TRUE
o,O2,O3,1,TRUE
o,O2,O3,1,TRUE
o,O2,O3,1,TRUE
o,O2,O3,1,TRUE
o,O2,O3,1,TRUE
o,O2,O3,1,TRUE
o,O2,O3,0,FALSE
o,O2,O3,1,TRUE
o,O2,O3,0,FALSE
o,O2,O3,0,FALSE
o,O2,O3,1,TRUE
o,O2,O3,1,TRUE
o,O2,O3,1,TRUE
o,O2,O3,0,FALSE
o,O2,O3,1,TRUE
o,O2,O3,1,TRUE
o,O2,O3,0,FALSE
o,O2,O3,1,TRUE
o,O2,O3,1,TRUE
o,O2,O3,1,TRUE
o,O2,O3,1,TRUE
o,O2,O3,0,FALSE
o,O2,O3,1,TRUE
o,O2,O3,1,TRUE
o,O2,O3,1,TRUE
o,O2,O3,1,TRUE
o,O2,O3,1,TRUE
o,O2,O3,1,TRUE
o,O2,O3,1,TRUE
o,O2,O3,0,FALSE
o,O2,O3,1,TRUE
o,O2,O3,1,TRUE
o,O2,O3,1,TRUE
o,O2,O3,1,TRUE
o,O2,O3,1,TRUE
o,O2,O3,1,TRUE
o,O2,O3,1,TRUE
o,O2,O3,1,TRUE
o,O2,O3,1,TRUE
o,O2,O3,1,TRUE
o,O2,O3,1,TRUE
o,O2,O3,1,TRUE
o,O2,O3,1,TRUE
o,O2,O3,1,TRUE
o,O2,O3,0,FALSE
o,O2,O3,1,TRUE
o,O2,O3,1,TRUE
o,O2,O3,0,FALSE
o,O2,O3,1,TRUE
o,O2,O3,1,TRUE
o,O2,O3,1,TRUE
o,O2,O3,1,TRUE
o,O2,O3,0,FALSE
o,O2,O3,1,TRUE
o,O2,O3,1,TRUE
o,O2,O3,1,TRUE
o,O2,O3,1,TRUE
o,O2,O3,1,TRUE
o,O2,O3,1,TRUE
o,O2,O3,1,TRUE
o,O2,O3,1,TRUE
o,O2,O3,1,TRUE
o,O2,O3,1,TRUE
o,O2,O3,1,TRUE
o,O2,O3,1,TRUE
o,O2,O3,1,TRUE
o,O2,O3,1,TRUE
o,O2,O3,1,TRUE
o,O2,O3,1,TRUE
o,O2,O3,1,TRUE
o,O2,O3,1,TRUE
o,O2,O3,1,TRUE
o,O2,O3,1,TRUE
o,O2,O3,1,TRUE
o,O2,O3,1,TRUE
o,O2,O3,1,TRUE
o,O2,O3,1,TRUE
o,O2,O3,1,TRUE
o,O2,O3,1,TRUE
o,O2,O3,1,TRUE
o,O2,O3,0,FALSE
o,O2,O3,1,TRUE
o,O2,O3,1,TRUE
o,O2,O3,1,TRUE
o,O2,O3,1,TRUE
o,O2,O3,1,TRUE
o,O2,O3,1,TRUE
o,O2,O3,1,TRUE
o,O2,O3,1,TRUE
o,O2,O3,0,FALSE
o,O2,O3,1,TRUE
o,O2,O3,1,TRUE
o,O2,O3,1,TRUE
o,O2,O3,1,TRUE
o,O2,O3,1,TRUE
o,O2,O3,1,TRUE
o,O2,O3,1,TRUE
o,O2,O3,1,TRUE
o,O2,O3,1,TRUE
o,O2,O3,1,TRUE
c,gcc,clang,1,TRUE
c,gcc,clang,1,TRUE
c,gcc,clang,1,TRUE
c,gcc,clang,0,FALSE
c,gcc,clang,1,TRUE
c,gcc,clang,1,TRUE
c,gcc,clang,0,FALSE
c,gcc,clang,1,TRUE
c,gcc,clang,1,TRUE
c,gcc,clang,1,TRUE
c,gcc,clang,0,FALSE
c,gcc,clang,1,TRUE
c,gcc,clang,1,TRUE
c,gcc,clang,0,FALSE
c,gcc,clang,1,TRUE
c,gcc,clang,1,TRUE
c,gcc,clang,0,FALSE
c,gcc,clang,0,FALSE
c,gcc,clang,0,FALSE
c,gcc,clang,0,FALSE
c,gcc,clang,0,FALSE
c,gcc,clang,1,TRUE
c,gcc,clang,0,FALSE
c,gcc,clang,0,FALSE
c,gcc,clang,0,FALSE
c,gcc,clang,1,TRUE
c,gcc,clang,1,TRUE
c,gcc,clang,0,FALSE
c,gcc,clang,1,TRUE
c,gcc,clang,1,TRUE
c,gcc,clang,1,TRUE
c,gcc,clang,1,TRUE
c,gcc,clang,1,TRUE
c,gcc,clang,0,FALSE
c,gcc,clang,1,TRUE
c,gcc,clang,1,TRUE
c,gcc,clang,1,TRUE
c,gcc,clang,1,TRUE
c,gcc,clang,1,TRUE
c,gcc,clang,1,TRUE
c,gcc,clang,0,FALSE
c,gcc,clang,1,TRUE
c,gcc,clang,1,TRUE
c,gcc,clang,1,TRUE
c,gcc,clang,1,TRUE
c,gcc,clang,0,FALSE
c,gcc,clang,1,TRUE
c,gcc,clang,0,FALSE
c,gcc,clang,0,FALSE
c,gcc,clang,0,FALSE
c,gcc,clang,0,FALSE
c,gcc,clang,0,FALSE
c,gcc,clang,1,TRUE
c,gcc,clang,0,FALSE
c,gcc,clang,0,FALSE
c,gcc,clang,1,TRUE
c,gcc,clang,1,TRUE
c,gcc,clang,0,FALSE
c,gcc,clang,0,FALSE
c,gcc,clang,0,FALSE
c,gcc,clang,0,FALSE
c,gcc,clang,1,TRUE
c,gcc,clang,0,FALSE
c,gcc,clang,1,TRUE
c,gcc,clang,1,TRUE
c,gcc,clang,1,TRUE
c,gcc,clang,1,TRUE
c,gcc,clang,1,TRUE
c,gcc,clang,1,TRUE
c,gcc,clang,1,TRUE
c,gcc,clang,1,TRUE
c,gcc,clang,0,FALSE
c,gcc,clang,0,FALSE
c,gcc,clang,1,TRUE
c,gcc,clang,1,TRUE
c,gcc,clang,1,TRUE
c,gcc,clang,1,TRUE
c,gcc,clang,0,FALSE
c,gcc,clang,1,TRUE
c,gcc,clang,0,FALSE
c,gcc,clang,1,TRUE
c,gcc,clang,1,TRUE
c,gcc,clang,0,FALSE
c,gcc,clang,1,TRUE
c,gcc,clang,1,TRUE
c,gcc,clang,1,TRUE
c,gcc,clang,1,TRUE
c,gcc,clang,1,TRUE
c,gcc,clang,0,FALSE
c,gcc,clang,0,FALSE
c,gcc,clang,0,FALSE
c,gcc,clang,0,FALSE
c,gcc,clang,0,FALSE
c,gcc,clang,0,FALSE
c,gcc,clang,1,TRUE
c,gcc,clang,1,TRUE
c,gcc,clang,1,TRUE
c,gcc,clang,1,TRUE
c,gcc,clang,1,TRUE
c,gcc,clang,1,TRUE
c,gcc,clang,0,FALSE
c,gcc,clang,0,FALSE
c,gcc,clang,0,FALSE
c,gcc,clang,1,TRUE
c,gcc,clang,1,TRUE
c,gcc,clang,0,FALSE
c,gcc,clang,1,TRUE
c,gcc,clang,1,TRUE
c,gcc,clang,0,FALSE
c,gcc,clang,1,TRUE
c,gcc,clang,1,TRUE
c,gcc,clang,0,FALSE
c,gcc,clang,0,FALSE
c,gcc,clang,1,TRUE
c,gcc,clang,0,FALSE
c,gcc,clang,1,TRUE
c,gcc,clang,1,TRUE
c,gcc,clang,1,TRUE
c,gcc,clang,1,TRUE
c,gcc,clang,1,TRUE
c,gcc,clang,1,TRUE
c,gcc,clang,1,TRUE
c,gcc,clang,1,TRUE
c,gcc,clang,1,TRUE
c,gcc,clang,0,FALSE
c,gcc,clang,1,TRUE
c,gcc,clang,1,TRUE
c,gcc,clang,1,TRUE
c,gcc,clang,1,TRUE
c,gcc,clang,0,FALSE
c,gcc,clang,1,TRUE
c,gcc,clang,1,TRUE
c,gcc,clang,0,FALSE
c,gcc,clang,1,TRUE
c,gcc,clang,1,TRUE
c,gcc,clang,0,FALSE
c,gcc,clang,0,FALSE
c,gcc,clang,0,FALSE
c,gcc,clang,1,TRUE
c,gcc,clang,1,TRUE
c,gcc,clang,1,TRUE
c,gcc,clang,1,TRUE
c,gcc,clang,1,TRUE
c,gcc,clang,1,TRUE
c,gcc,clang,0,FALSE
c,gcc,clang,1,TRUE
c,gcc,clang,0,FALSE
c,gcc,clang,0,FALSE
c,gcc,clang,1,TRUE
c,gcc,clang,1,TRUE
c,gcc,clang,1,TRUE
c,gcc,clang,0,FALSE
c,gcc,clang,1,TRUE
c,gcc,clang,0,FALSE
c,gcc,clang,1,TRUE
c,gcc,clang,0,FALSE
c,gcc,clang,1,TRUE
c,gcc,clang,1,TRUE
c,gcc,clang,1,TRUE
c,gcc,clang,0,FALSE
c,gcc,clang,0,FALSE
c,gcc,clang,0,FALSE
c,gcc,clang,1,TRUE
c,gcc,clang,1,TRUE
c,gcc,clang,0,FALSE
c,gcc,clang,0,FALSE
c,gcc,clang,1,TRUE
c,gcc,clang,1,TRUE
c,gcc,clang,1,TRUE
c,gcc,clang,1,TRUE
c,gcc,clang,0,FALSE
c,gcc,clang,0,FALSE
c,gcc,clang,1,TRUE
c,gcc,clang,1,TRUE
c,gcc,clang,1,TRUE
c,gcc,clang,1,TRUE
c,gcc,clang,0,FALSE
c,gcc,clang,1,TRUE
c,gcc,clang,1,TRUE
c,gcc,clang,1,TRUE
c,gcc,clang,1,TRUE
c,gcc,clang,1,TRUE
c,gcc,clang,0,FALSE
c,gcc,clang,1,TRUE
c,gcc,clang,1,TRUE
c,gcc,clang,0,FALSE
c,gcc,clang,1,TRUE
c,gcc,clang,1,TRUE
c,gcc,clang,0,FALSE
c,gcc,clang,1,TRUE
c,gcc,clang,1,TRUE
c,gcc,clang,1,TRUE
c,gcc,clang,0,FALSE
c,gcc,clang,1,TRUE
c,gcc,clang,0,FALSE
c,gcc,clang,0,FALSE
c,gcc,clang,1,TRUE
c,gcc,clang,1,TRUE
c,gcc,clang,0,FALSE
c,gcc,clang,1,TRUE
c,gcc,clang,1,TRUE
c,gcc,clang,1,TRUE
c,gcc,clang,1,TRUE
c,gcc,clang,0,FALSE
c,gcc,clang,1,TRUE
c,gcc,clang,0,FALSE
c,gcc,clang,1,TRUE
c,gcc,clang,1,TRUE
c,gcc,clang,1,TRUE
c,gcc,clang,0,FALSE
c,gcc,clang,1,TRUE
c,gcc,clang,1,TRUE
c,gcc,clang,1,TRUE
c,gcc,clang,1,TRUE
c,gcc,clang,0,FALSE
c,gcc,clang,0,FALSE
c,gcc,clang,1,TRUE
c,gcc,clang,1,TRUE
c,gcc,clang,1,TRUE
c,gcc,clang,1,TRUE
c,gcc,clang,1,TRUE
c,gcc,clang,0,FALSE
c,gcc,clang,1,TRUE
c,gcc,clang,1,TRUE
c,gcc,clang,1,TRUE
c,gcc,clang,0,FALSE
c,gcc,clang,0,FALSE
c,gcc,clang,1,TRUE
c,gcc,clang,0,FALSE
c,gcc,clang,0,FALSE
c,gcc,clang,1,TRUE
c,gcc,clang,1,TRUE
c,gcc,clang,0,FALSE
c,gcc,clang,0,FALSE
c,gcc,clang,0,FALSE
c,gcc,clang,1,TRUE
c,gcc,clang,0,FALSE
c,gcc,clang,1,TRUE
c,gcc,clang,1,TRUE
c,gcc,clang,1,TRUE
c,gcc,clang,0,FALSE
c,gcc,clang,1,TRUE
c,gcc,clang,1,TRUE
c,gcc,clang,1,TRUE
c,gcc,clang,1,TRUE
c,gcc,clang,1,TRUE
c,gcc,clang,1,TRUE
c,gcc,clang,0,FALSE
c,gcc,clang,1,TRUE
c,gcc,clang,0,FALSE
c,gcc,clang,0,FALSE
c,gcc,clang,0,FALSE
c,gcc,clang,1,TRUE
c,gcc,clang,1,TRUE
c,gcc,clang,0,FALSE
c,gcc,clang,1,TRUE
c,gcc,clang,1,TRUE
c,gcc,clang,1,TRUE
c,gcc,clang,0,FALSE
c,gcc,clang,1,TRUE
c,gcc,clang,1,TRUE
c,gcc,clang,0,FALSE
c,gcc,clang,0,FALSE
c,gcc,clang,1,TRUE
c,gcc,clang,0,FALSE
c,gcc,clang,1,TRUE
c,gcc,clang,0,FALSE
c,gcc,clang,0,FALSE
c,gcc,clang,1,TRUE
c,gcc,clang,1,TRUE
c,gcc,clang,1,TRUE
c,gcc,clang,0,FALSE
c,gcc,clang,1,TRUE
c,gcc,clang,1,TRUE
c,gcc,clang,1,TRUE
c,gcc,clang,0,FALSE
c,gcc,clang,1,TRUE
c,gcc,clang,1,TRUE
c,gcc,clang,1,TRUE
c,gcc,clang,1,TRUE
c,gcc,clang,1,TRUE
c,gcc,clang,0,FALSE
c,gcc,clang,0,FALSE
c,gcc,clang,0,FALSE
c,gcc,clang,0,FALSE
c,gcc,clang,1,TRUE
c,gcc,clang,1,TRUE
c,gcc,clang,1,TRUE
c,gcc,clang,1,TRUE
c,gcc,clang,0,FALSE
c,gcc,clang,1,TRUE
c,gcc,clang,0,FALSE
c,gcc,clang,1,TRUE
c,gcc,clang,0,FALSE
c,gcc,clang,0,FALSE
c,gcc,clang,1,TRUE
c,gcc,clang,1,TRUE
c,gcc,clang,1,TRUE
c,gcc,clang,1,TRUE
c,gcc,clang,0,FALSE
c,gcc,clang,1,TRUE
c,gcc,clang,1,TRUE
c,gcc,clang,1,TRUE
c,gcc,clang,0,FALSE
c,gcc,clang,1,TRUE
c,gcc,clang,1,TRUE
c,gcc,clang,1,TRUE
c,gcc,clang,1,TRUE
c,gcc,clang,1,TRUE
c,gcc,clang,1,TRUE
c,gcc,clang,1,TRUE
c,gcc,clang,1,TRUE
c,gcc,clang,1,TRUE
c,gcc,clang,0,FALSE
c,gcc,clang,1,TRUE
c,gcc,clang,0,FALSE
c,gcc,clang,1,TRUE
c,gcc,clang,1,TRUE
c,gcc,clang,0,FALSE
c,gcc,clang,0,FALSE
c,gcc,clang,1,TRUE
c,gcc,clang,1,TRUE
c,gcc,clang,1,TRUE
c,gcc,clang,1,TRUE
c,gcc,clang,1,TRUE
c,gcc,clang,0,FALSE
c,gcc,clang,0,FALSE
c,gcc,clang,1,TRUE
c,gcc,clang,1,TRUE
c,gcc,clang,1,TRUE
c,gcc,clang,0,FALSE
c,gcc,clang,1,TRUE
c,gcc,clang,0,FALSE
c,gcc,clang,1,TRUE
c,gcc,clang,1,TRUE
c,gcc,clang,1,TRUE
c,gcc,clang,1,TRUE
c,gcc,clang,1,TRUE
c,gcc,clang,0,FALSE
c,gcc,clang,1,TRUE
c,gcc,clang,1,TRUE
c,gcc,clang,0,FALSE
c,gcc,clang,1,TRUE
c,gcc,clang,1,TRUE
c,gcc,clang,1,TRUE
c,gcc,clang,1,TRUE
c,gcc,clang,1,TRUE
c,gcc,clang,0,FALSE
c,gcc,clang,1,TRUE
c,gcc,clang,0,FALSE
c,gcc,clang,0,FALSE
c,gcc,clang,1,TRUE
c,gcc,clang,0,FALSE
c,gcc,clang,0,FALSE
c,gcc,clang,1,TRUE
c,gcc,clang,1,TRUE
c,gcc,clang,0,FALSE
c,gcc,clang,1,TRUE
c,gcc,clang,0,FALSE
c,gcc,clang,1,TRUE
c,gcc,clang,0,FALSE
c,gcc,clang,1,TRUE
c,gcc,clang,1,TRUE
c,gcc,clang,0,FALSE
c,gcc,clang,1,TRUE
c,gcc,clang,0,FALSE
c,gcc,clang,1,TRUE
c,gcc,clang,0,FALSE
c,gcc,clang,1,TRUE
c,gcc,clang,1,TRUE
c,gcc,clang,1,TRUE
c,gcc,clang,1,TRUE
c,gcc,clang,1,TRUE
c,gcc,clang,1,TRUE
c,gcc,clang,0,FALSE
c,gcc,clang,1,TRUE
c,gcc,clang,0,FALSE
c,gcc,clang,0,FALSE
c,gcc,clang,1,TRUE
c,gcc,clang,0,FALSE
c,gcc,clang,1,TRUE
c,gcc,clang,0,FALSE
c,gcc,clang,1,TRUE
c,gcc,clang,0,FALSE
c,gcc-4,gcc-8,1,TRUE
c,gcc-4,gcc-8,0,FALSE
c,gcc-4,gcc-8,1,TRUE
c,gcc-4,gcc-8,1,TRUE
c,gcc-4,gcc-8,1,TRUE
c,gcc-4,gcc-8,0,FALSE
c,gcc-4,gcc-8,1,TRUE
c,gcc-4,gcc-8,1,TRUE
c,gcc-4,gcc-8,1,TRUE
c,gcc-4,gcc-8,1,TRUE
c,gcc-4,gcc-8,0,FALSE
c,gcc-4,gcc-8,1,TRUE
c,gcc-4,gcc-8,1,TRUE
c,gcc-4,gcc-8,1,TRUE
c,gcc-4,gcc-8,0,FALSE
c,gcc-4,gcc-8,1,TRUE
c,gcc-4,gcc-8,1,TRUE
c,gcc-4,gcc-8,1,TRUE
c,gcc-4,gcc-8,1,TRUE
c,gcc-4,gcc-8,1,TRUE
c,gcc-4,gcc-8,1,TRUE
c,gcc-4,gcc-8,1,TRUE
c,gcc-4,gcc-8,1,TRUE
c,gcc-4,gcc-8,1,TRUE
c,gcc-4,gcc-8,1,TRUE
c,gcc-4,gcc-8,1,TRUE
c,gcc-4,gcc-8,1,TRUE
c,gcc-4,gcc-8,0,FALSE
c,gcc-4,gcc-8,1,TRUE
c,gcc-4,gcc-8,1,TRUE
c,gcc-4,gcc-8,1,TRUE
c,gcc-4,gcc-8,1,TRUE
c,gcc-4,gcc-8,1,TRUE
c,gcc-4,gcc-8,1,TRUE
c,gcc-4,gcc-8,1,TRUE
c,gcc-4,gcc-8,1,TRUE
c,gcc-4,gcc-8,1,TRUE
c,gcc-4,gcc-8,0,FALSE
c,gcc-4,gcc-8,1,TRUE
c,gcc-4,gcc-8,1,TRUE
c,gcc-4,gcc-8,1,TRUE
c,gcc-4,gcc-8,1,TRUE
c,gcc-4,gcc-8,0,FALSE
c,gcc-4,gcc-8,1,TRUE
c,gcc-4,gcc-8,1,TRUE
c,gcc-4,gcc-8,1,TRUE
c,gcc-4,gcc-8,1,TRUE
c,gcc-4,gcc-8,1,TRUE
c,gcc-4,gcc-8,1,TRUE
c,gcc-4,gcc-8,1,TRUE
c,gcc-4,gcc-8,1,TRUE
c,gcc-4,gcc-8,1,TRUE
c,gcc-4,gcc-8,0,FALSE
c,gcc-4,gcc-8,1,TRUE
c,gcc-4,gcc-8,1,TRUE
c,gcc-4,gcc-8,1,TRUE
c,gcc-4,gcc-8,1,TRUE
c,gcc-4,gcc-8,1,TRUE
c,gcc-4,gcc-8,0,FALSE
c,gcc-4,gcc-8,1,TRUE
c,gcc-4,gcc-8,1,TRUE
c,gcc-4,gcc-8,1,TRUE
c,gcc-4,gcc-8,1,TRUE
c,gcc-4,gcc-8,1,TRUE
c,gcc-4,gcc-8,1,TRUE
c,gcc-4,gcc-8,1,TRUE
c,gcc-4,gcc-8,0,FALSE
c,gcc-4,gcc-8,1,TRUE
c,gcc-4,gcc-8,1,TRUE
c,gcc-4,gcc-8,1,TRUE
c,gcc-4,gcc-8,0,FALSE
c,gcc-4,gcc-8,0,FALSE
c,gcc-4,gcc-8,1,TRUE
c,gcc-4,gcc-8,1,TRUE
c,gcc-4,gcc-8,1,TRUE
c,gcc-4,gcc-8,1,TRUE
c,clang-4,clang-7,1,TRUE
c,clang-4,clang-7,1,TRUE
c,clang-4,clang-7,1,TRUE
c,clang-4,clang-7,1,TRUE
c,clang-4,clang-7,1,TRUE
c,clang-4,clang-7,1,TRUE
c,clang-4,clang-7,1,TRUE
c,clang-4,clang-7,1,TRUE
c,clang-4,clang-7,1,TRUE
c,clang-4,clang-7,1,TRUE
c,clang-4,clang-7,1,TRUE
c,clang-4,clang-7,1,TRUE
c,clang-4,clang-7,1,TRUE
c,clang-4,clang-7,1,TRUE
c,clang-4,clang-7,1,TRUE
c,clang-4,clang-7,1,TRUE
c,clang-4,clang-7,1,TRUE
c,clang-4,clang-7,1,TRUE
c,clang-4,clang-7,1,TRUE
c,clang-4,clang-7,1,TRUE
c,clang-4,clang-7,1,TRUE
c,clang-4,clang-7,1,TRUE
c,clang-4,clang-7,1,TRUE
c,clang-4,clang-7,1,TRUE
c,clang-4,clang-7,1,TRUE
c,clang-4,clang-7,1,TRUE
c,clang-4,clang-7,1,TRUE
c,clang-4,clang-7,1,TRUE
c,clang-4,clang-7,1,TRUE
c,clang-4,clang-7,1,TRUE
c,clang-4,clang-7,1,TRUE
c,clang-4,clang-7,1,TRUE
c,clang-4,clang-7,1,TRUE
c,clang-4,clang-7,1,TRUE
c,clang-4,clang-7,1,TRUE
c,clang-4,clang-7,1,TRUE
c,clang-4,clang-7,1,TRUE
c,clang-4,clang-7,1,TRUE
c,clang-4,clang-7,1,TRUE
c,clang-4,clang-7,1,TRUE
c,clang-4,clang-7,1,TRUE
c,clang-4,clang-7,1,TRUE
c,clang-4,clang-7,0,FALSE
c,clang-4,clang-7,1,TRUE
c,clang-4,clang-7,1,TRUE
c,clang-4,clang-7,1,TRUE
c,clang-4,clang-7,1,TRUE
c,clang-4,clang-7,1,TRUE
c,clang-4,clang-7,1,TRUE
c,clang-4,clang-7,1,TRUE
c,clang-4,clang-7,1,TRUE
c,clang-4,clang-7,1,TRUE
c,clang-4,clang-7,1,TRUE
c,clang-4,clang-7,1,TRUE
c,clang-4,clang-7,1,TRUE
c,clang-4,clang-7,1,TRUE
c,clang-4,clang-7,1,TRUE
c,clang-4,clang-7,1,TRUE
c,clang-4,clang-7,1,TRUE
c,clang-4,clang-7,1,TRUE
c,clang-4,clang-7,1,TRUE
c,clang-4,clang-7,1,TRUE
c,clang-4,clang-7,1,TRUE
c,clang-4,clang-7,1,TRUE
c,clang-4,clang-7,1,TRUE
c,clang-4,clang-7,1,TRUE
c,clang-4,clang-7,1,TRUE
c,clang-4,clang-7,1,TRUE
c,clang-4,clang-7,1,TRUE
c,clang-4,clang-7,1,TRUE
c,clang-4,clang-7,1,TRUE
c,clang-4,clang-7,1,TRUE
c,clang-4,clang-7,0,FALSE
c,clang-4,clang-7,1,TRUE
c,clang-4,clang-7,1,TRUE
c,clang-4,clang-7,1,TRUE
a,arm,mips,1,TRUE
a,arm,mips,1,TRUE
a,arm,mips,1,TRUE
a,arm,mips,0,FALSE
a,arm,mips,1,TRUE
a,arm,mips,1,TRUE
a,arm,mips,0,FALSE
a,arm,mips,1,TRUE
a,arm,mips,1,TRUE
a,arm,mips,1,TRUE
a,arm,mips,1,TRUE
a,arm,mips,1,TRUE
a,arm,mips,1,TRUE
a,arm,mips,0,FALSE
a,arm,mips,1,TRUE
a,arm,mips,1,TRUE
a,arm,mips,1,TRUE
a,arm,mips,1,TRUE
a,arm,mips,0,FALSE
a,arm,mips,1,TRUE
a,arm,mips,1,TRUE
a,arm,mips,1,TRUE
a,arm,mips,1,TRUE
a,arm,mips,0,FALSE
a,arm,mips,0,FALSE
a,arm,mips,1,TRUE
a,arm,mips,0,FALSE
a,arm,mips,1,TRUE
a,arm,mips,1,TRUE
a,arm,mips,1,TRUE
a,arm,mips,1,TRUE
a,arm,mips,1,TRUE
a,arm,mips,1,TRUE
a,arm,mips,1,TRUE
a,arm,mips,1,TRUE
a,arm,mips,1,TRUE
a,arm,mips,1,TRUE
a,arm,mips,1,TRUE
a,arm,mips,1,TRUE
a,arm,mips,1,TRUE
a,arm,mips,1,TRUE
a,arm,mips,1,TRUE
a,arm,mips,1,TRUE
a,arm,mips,1,TRUE
a,arm,mips,1,TRUE
a,arm,mips,1,TRUE
a,arm,mips,1,TRUE
a,arm,mips,1,TRUE
a,arm,mips,1,TRUE
a,arm,mips,1,TRUE
a,arm,mips,0,FALSE
a,arm,mips,0,FALSE
a,arm,mips,1,TRUE
a,arm,mips,1,TRUE
a,arm,mips,0,FALSE
a,arm,mips,1,TRUE
a,arm,mips,0,FALSE
a,arm,mips,1,TRUE
a,arm,mips,1,TRUE
a,arm,mips,0,FALSE
a,arm,mips,1,TRUE
a,arm,mips,1,TRUE
a,arm,mips,0,FALSE
a,arm,mips,1,TRUE
a,arm,mips,0,FALSE
a,arm,mips,1,TRUE
a,arm,mips,1,TRUE
a,arm,mips,0,FALSE
a,arm,mips,0,FALSE
a,arm,mips,1,TRUE
a,arm,mips,1,TRUE
a,arm,mips,1,TRUE
a,arm,mips,1,TRUE
a,arm,mips,0,FALSE
a,arm,mips,1,TRUE
a,arm,mips,1,TRUE
a,arm,mips,0,FALSE
a,arm,mips,1,TRUE
a,arm,mips,1,TRUE
a,arm,mips,1,TRUE
a,arm,mips,1,TRUE
a,arm,mips,1,TRUE
a,arm,mips,0,FALSE
a,arm,mips,1,TRUE
a,arm,mips,1,TRUE
a,arm,mips,0,FALSE
a,arm,mips,0,FALSE
a,arm,mips,1,TRUE
a,arm,mips,0,FALSE
a,arm,mips,1,TRUE
a,arm,mips,1,TRUE
a,arm,mips,0,FALSE
a,arm,mips,1,TRUE
a,arm,mips,1,TRUE
a,arm,mips,0,FALSE
a,arm,mips,1,TRUE
a,arm,mips,0,FALSE
a,arm,mips,1,TRUE
a,arm,mips,1,TRUE
a,arm,mips,1,TRUE
a,arm,mips,1,TRUE
a,arm,mips,1,TRUE
a,arm,mips,1,TRUE
a,arm,mips,1,TRUE
a,arm,mips,1,TRUE
a,arm,mips,1,TRUE
a,arm,mips,1,TRUE
a,arm,mips,1,TRUE
a,arm,mips,1,TRUE
a,arm,mips,1,TRUE
a,arm,mips,1,TRUE
a,arm,mips,1,TRUE
a,arm,mips,1,TRUE
a,arm,mips,0,FALSE
a,arm,mips,0,FALSE
a,arm,mips,1,TRUE
a,arm,mips,1,TRUE
a,arm,mips,1,TRUE
a,arm,mips,1,TRUE
a,arm,mips,1,TRUE
a,arm,mips,0,FALSE
a,arm,mips,1,TRUE
a,arm,mips,1,TRUE
a,arm,mips,1,TRUE
a,arm,mips,1,TRUE
a,arm,mips,0,FALSE
a,arm,mips,1,TRUE
a,arm,mips,1,TRUE
a,arm,mips,1,TRUE
a,arm,mips,1,TRUE
a,arm,mips,1,TRUE
a,arm,mips,0,FALSE
a,arm,mips,1,TRUE
a,arm,mips,1,TRUE
a,arm,mips,1,TRUE
a,arm,mips,1,TRUE
a,arm,mips,1,TRUE
a,arm,mips,1,TRUE
a,arm,mips,1,TRUE
a,arm,mips,1,TRUE
a,arm,mips,1,TRUE
a,arm,mips,0,FALSE
a,arm,mips,0,FALSE
a,arm,mips,1,TRUE
a,arm,mips,1,TRUE
a,arm,mips,1,TRUE
a,arm,mips,0,FALSE
a,arm,mips,1,TRUE
a,arm,mips,1,TRUE
a,arm,mips,1,TRUE
a,arm,mips,1,TRUE
a,arm,mips,1,TRUE
a,arm,mips,0,FALSE
a,arm,mips,1,TRUE
a,arm,mips,1,TRUE
a,arm,mips,1,TRUE
a,arm,mips,1,TRUE
a,arm,mips,1,TRUE
a,arm,mips,1,TRUE
a,arm,mips,1,TRUE
a,arm,mips,1,TRUE
a,arm,mips,1,TRUE
a,arm,mips,1,TRUE
a,arm,mips,1,TRUE
a,arm,mips,1,TRUE
a,arm,mips,1,TRUE
a,arm,mips,1,TRUE
a,arm,mips,1,TRUE
a,arm,mips,1,TRUE
a,arm,mips,0,FALSE
a,arm,mips,1,TRUE
a,arm,mips,0,FALSE
a,arm,x86,1,TRUE
a,arm,x86,1,TRUE
a,arm,x86,1,TRUE
a,arm,x86,1,TRUE
a,arm,x86,1,TRUE
a,arm,x86,0,FALSE
a,arm,x86,1,TRUE
a,arm,x86,0,FALSE
a,arm,x86,0,FALSE
a,arm,x86,1,TRUE
a,arm,x86,0,FALSE
a,arm,x86,0,FALSE
a,arm,x86,0,FALSE
a,arm,x86,1,TRUE
a,arm,x86,1,TRUE
a,arm,x86,1,TRUE
a,arm,x86,1,TRUE
a,arm,x86,1,TRUE
a,arm,x86,1,TRUE
a,arm,x86,1,TRUE
a,arm,x86,1,TRUE
a,arm,x86,0,FALSE
a,arm,x86,1,TRUE
a,arm,x86,1,TRUE
a,arm,x86,1,TRUE
a,arm,x86,1,TRUE
a,arm,x86,1,TRUE
a,arm,x86,1,TRUE
a,arm,x86,0,FALSE
a,arm,x86,1,TRUE
a,arm,x86,0,FALSE
a,arm,x86,1,TRUE
a,arm,x86,1,TRUE
a,arm,x86,1,TRUE
a,arm,x86,1,TRUE
a,arm,x86,1,TRUE
a,arm,x86,1,TRUE
a,arm,x86,1,TRUE
a,arm,x86,1,TRUE
a,arm,x86,0,FALSE
a,arm,x86,1,TRUE
a,arm,x86,1,TRUE
a,arm,x86,1,TRUE
a,arm,x86,1,TRUE
a,arm,x86,0,FALSE
a,arm,x86,0,FALSE
a,arm,x86,1,TRUE
a,arm,x86,1,TRUE
a,arm,x86,1,TRUE
a,arm,x86,0,FALSE
a,arm,x86,1,TRUE
a,arm,x86,0,FALSE
a,arm,x86,0,FALSE
a,arm,x86,1,TRUE
a,arm,x86,1,TRUE
a,arm,x86,1,TRUE
a,arm,x86,1,TRUE
a,arm,x86,1,TRUE
a,arm,x86,1,TRUE
a,arm,x86,1,TRUE
a,arm,x86,1,TRUE
a,arm,x86,1,TRUE
a,arm,x86,1,TRUE
a,arm,x86,1,TRUE
a,arm,x86,0,FALSE
a,arm,x86,1,TRUE
a,arm,x86,1,TRUE
a,arm,x86,1,TRUE
a,arm,x86,1,TRUE
a,arm,x86,1,TRUE
a,arm,x86,1,TRUE
a,arm,x86,1,TRUE
a,arm,x86,1,TRUE
a,arm,x86,1,TRUE
a,arm,x86,1,TRUE
a,arm,x86,0,FALSE
a,arm,x86,1,TRUE
a,arm,x86,0,FALSE
a,arm,x86,1,TRUE
a,arm,x86,1,TRUE
a,arm,x86,1,TRUE
a,arm,x86,0,FALSE
a,arm,x86,1,TRUE
a,arm,x86,1,TRUE
a,arm,x86,0,FALSE
a,arm,x86,1,TRUE
a,arm,x86,1,TRUE
a,arm,x86,0,FALSE
a,arm,x86,1,TRUE
a,arm,x86,1,TRUE
a,arm,x86,1,TRUE
a,arm,x86,1,TRUE
a,arm,x86,1,TRUE
a,arm,x86,1,TRUE
a,arm,x86,1,TRUE
a,arm,x86,0,FALSE
a,arm,x86,0,FALSE
a,arm,x86,1,TRUE
a,arm,x86,1,TRUE
a,arm,x86,0,FALSE
a,arm,x86,1,TRUE
a,arm,x86,0,FALSE
a,arm,x86,0,FALSE
a,arm,x86,1,TRUE
a,arm,x86,0,FALSE
a,arm,x86,1,TRUE
a,arm,x86,1,TRUE
a,arm,x86,0,FALSE
a,arm,x86,0,FALSE
a,arm,x86,0,FALSE
a,arm,x86,0,FALSE
a,arm,x86,0,FALSE
a,arm,x86,1,TRUE
a,arm,x86,1,TRUE
a,arm,x86,1,TRUE
a,arm,x86,1,TRUE
a,arm,x86,1,TRUE
a,arm,x86,1,TRUE
a,arm,x86,1,TRUE
a,arm,x86,1,TRUE
a,arm,x86,0,FALSE
a,arm,x86,1,TRUE
a,arm,x86,1,TRUE
a,arm,x86,1,TRUE
a,arm,x86,1,TRUE
a,arm,x86,1,TRUE
a,arm,x86,0,FALSE
a,arm,x86,0,FALSE
a,arm,x86,1,TRUE
a,arm,x86,1,TRUE
a,arm,x86,1,TRUE
a,arm,x86,1,TRUE
a,arm,x86,0,FALSE
a,arm,x86,1,TRUE
a,arm,x86,0,FALSE
a,arm,x86,1,TRUE
a,arm,x86,1,TRUE
a,arm,x86,1,TRUE
a,arm,x86,1,TRUE
a,arm,x86,0,FALSE
a,arm,x86,1,TRUE
a,arm,x86,0,FALSE
a,arm,x86,1,TRUE
a,arm,x86,0,FALSE
a,arm,x86,0,FALSE
a,arm,x86,1,TRUE
a,arm,x86,1,TRUE
a,arm,x86,1,TRUE
a,arm,x86,1,TRUE
a,arm,x86,1,TRUE
a,arm,x86,1,TRUE
a,arm,x86,1,TRUE
a,arm,x86,1,TRUE
a,arm,x86,1,TRUE
a,arm,x86,1,TRUE
a,arm,x86,1,TRUE
a,arm,x86,1,TRUE
a,arm,x86,1,TRUE
a,arm,x86,1,TRUE
a,arm,x86,1,TRUE
a,arm,x86,1,TRUE
a,arm,x86,1,TRUE
a,arm,x86,1,TRUE
a,arm,x86,1,TRUE
a,arm,x86,0,FALSE
a,arm,x86,1,TRUE
a,arm,x86,1,TRUE
a,arm,x86,1,TRUE
a,arm,x86,1,TRUE
a,arm,x86,1,TRUE
a,arm,x86,0,FALSE
a,arm,x86,1,TRUE
a,mips,x86,1,TRUE
a,mips,x86,1,TRUE
a,mips,x86,1,TRUE
a,mips,x86,1,TRUE
a,mips,x86,1,TRUE
a,mips,x86,0,FALSE
a,mips,x86,1,TRUE
a,mips,x86,1,TRUE
a,mips,x86,1,TRUE
a,mips,x86,1,TRUE
a,mips,x86,1,TRUE
a,mips,x86,1,TRUE
a,mips,x86,0,FALSE
a,mips,x86,1,TRUE
a,mips,x86,0,FALSE
a,mips,x86,1,TRUE
a,mips,x86,1,TRUE
a,mips,x86,1,TRUE
a,mips,x86,0,FALSE
a,mips,x86,1,TRUE
a,mips,x86,1,TRUE
a,mips,x86,1,TRUE
a,mips,x86,0,FALSE
a,mips,x86,1,TRUE
a,mips,x86,1,TRUE
a,mips,x86,1,TRUE
a,mips,x86,0,FALSE
a,mips,x86,0,FALSE
a,mips,x86,1,TRUE
a,mips,x86,0,FALSE
a,mips,x86,0,FALSE
a,mips,x86,1,TRUE
a,mips,x86,1,TRUE
a,mips,x86,1,TRUE
a,mips,x86,1,TRUE
a,mips,x86,1,TRUE
a,mips,x86,1,TRUE
a,mips,x86,1,TRUE
a,mips,x86,1,TRUE
a,mips,x86,0,FALSE
a,mips,x86,1,TRUE
a,mips,x86,0,FALSE
a,mips,x86,1,TRUE
a,mips,x86,1,TRUE
a,mips,x86,1,TRUE
a,mips,x86,1,TRUE
a,mips,x86,1,TRUE
a,mips,x86,0,FALSE
a,mips,x86,1,TRUE
a,mips,x86,1,TRUE
a,mips,x86,1,TRUE
a,mips,x86,0,FALSE
a,mips,x86,1,TRUE
a,mips,x86,0,FALSE
a,mips,x86,1,TRUE
a,mips,x86,1,TRUE
a,mips,x86,1,TRUE
a,mips,x86,0,FALSE
a,mips,x86,1,TRUE
a,mips,x86,1,TRUE
a,mips,x86,0,FALSE
a,mips,x86,1,TRUE
a,mips,x86,1,TRUE
a,mips,x86,1,TRUE
a,mips,x86,1,TRUE
a,mips,x86,0,FALSE
a,mips,x86,1,TRUE
a,mips,x86,0,FALSE
a,mips,x86,1,TRUE
a,mips,x86,1,TRUE
a,mips,x86,1,TRUE
a,mips,x86,1,TRUE
a,mips,x86,1,TRUE
a,mips,x86,1,TRUE
a,mips,x86,1,TRUE
a,mips,x86,1,TRUE
a,mips,x86,1,TRUE
a,mips,x86,1,TRUE
a,mips,x86,1,TRUE
a,mips,x86,1,TRUE
a,mips,x86,0,FALSE
a,mips,x86,1,TRUE
a,mips,x86,1,TRUE
a,mips,x86,0,FALSE
a,mips,x86,1,TRUE
a,mips,x86,1,TRUE
a,mips,x86,0,FALSE
a,mips,x86,1,TRUE
a,mips,x86,1,TRUE
a,mips,x86,0,FALSE
a,mips,x86,0,FALSE
a,mips,x86,1,TRUE
a,mips,x86,1,TRUE
a,mips,x86,0,FALSE
a,mips,x86,0,FALSE
a,mips,x86,0,FALSE
a,mips,x86,1,TRUE
a,mips,x86,0,FALSE
a,mips,x86,0,FALSE
a,mips,x86,1,TRUE
a,mips,x86,1,TRUE
a,mips,x86,1,TRUE
a,mips,x86,1,TRUE
a,mips,x86,1,TRUE
a,mips,x86,1,TRUE
a,mips,x86,1,TRUE
a,mips,x86,1,TRUE
a,mips,x86,1,TRUE
a,mips,x86,1,TRUE
a,mips,x86,0,FALSE
a,mips,x86,0,FALSE
a,mips,x86,1,TRUE
a,mips,x86,1,TRUE
a,mips,x86,1,TRUE
a,mips,x86,1,TRUE
a,mips,x86,0,FALSE
a,mips,x86,1,TRUE
a,mips,x86,1,TRUE
a,mips,x86,1,TRUE
a,mips,x86,1,TRUE
a,mips,x86,0,FALSE
a,mips,x86,1,TRUE
a,mips,x86,0,FALSE
a,mips,x86,0,FALSE
a,mips,x86,1,TRUE
a,mips,x86,1,TRUE
a,mips,x86,1,TRUE
a,mips,x86,1,TRUE
a,mips,x86,1,TRUE
a,mips,x86,0,FALSE
a,mips,x86,0,FALSE
a,mips,x86,1,TRUE
a,mips,x86,0,FALSE
a,mips,x86,0,FALSE
a,mips,x86,0,FALSE
a,mips,x86,1,TRUE
a,mips,x86,1,TRUE
a,mips,x86,0,FALSE
a,mips,x86,0,FALSE
a,mips,x86,1,TRUE
a,mips,x86,0,FALSE
a,mips,x86,1,TRUE
a,mips,x86,1,TRUE
a,mips,x86,1,TRUE
a,mips,x86,0,FALSE
a,mips,x86,1,TRUE
a,mips,x86,0,FALSE
a,mips,x86,0,FALSE
a,mips,x86,1,TRUE
a,mips,x86,1,TRUE
a,mips,x86,1,TRUE
a,mips,x86,1,TRUE
a,mips,x86,1,TRUE
a,mips,x86,1,TRUE
a,mips,x86,0,FALSE
a,mips,x86,0,FALSE
a,mips,x86,1,TRUE
a,mips,x86,1,TRUE
a,mips,x86,0,FALSE
a,mips,x86,1,TRUE
a,mips,x86,1,TRUE
a,mips,x86,1,TRUE
a,mips,x86,1,TRUE
a,mips,x86,1,TRUE
a,mips,x86,0,FALSE
a,mips,x86,0,FALSE
a,mips,x86,0,FALSE
a,mips,x86,1,TRUE
a,mips,x86,1,TRUE
a,mips,x86,1,TRUE
a,mips,x86,0,FALSE
a,mips,x86,1,TRUE
b,32,64,1,TRUE
b,32,64,1,TRUE
b,32,64,0,FALSE
b,32,64,1,TRUE
b,32,64,1,TRUE
b,32,64,0,FALSE
b,32,64,1,TRUE
b,32,64,1,TRUE
b,32,64,1,TRUE
b,32,64,1,TRUE
b,32,64,0,FALSE
b,32,64,1,TRUE
b,32,64,1,TRUE
b,32,64,1,TRUE
b,32,64,1,TRUE
b,32,64,1,TRUE
b,32,64,0,FALSE
b,32,64,0,FALSE
b,32,64,1,TRUE
b,32,64,1,TRUE
b,32,64,1,TRUE
b,32,64,1,TRUE
b,32,64,1,TRUE
b,32,64,1,TRUE
b,32,64,1,TRUE
b,32,64,1,TRUE
b,32,64,0,FALSE
b,32,64,1,TRUE
b,32,64,1,TRUE
b,32,64,0,FALSE
b,32,64,0,FALSE
b,32,64,1,TRUE
b,32,64,0,FALSE
b,32,64,1,TRUE
b,32,64,1,TRUE
b,32,64,1,TRUE
b,32,64,1,TRUE
b,32,64,1,TRUE
b,32,64,1,TRUE
b,32,64,1,TRUE
b,32,64,1,TRUE
b,32,64,1,TRUE
b,32,64,1,TRUE
b,32,64,1,TRUE
b,32,64,0,FALSE
b,32,64,1,TRUE
b,32,64,1,TRUE
b,32,64,1,TRUE
b,32,64,0,FALSE
b,32,64,0,FALSE
b,32,64,0,FALSE
b,32,64,1,TRUE
b,32,64,1,TRUE
b,32,64,1,TRUE
b,32,64,0,FALSE
b,32,64,1,TRUE
b,32,64,1,TRUE
b,32,64,1,TRUE
b,32,64,1,TRUE
b,32,64,1,TRUE
b,32,64,1,TRUE
b,32,64,1,TRUE
b,32,64,0,FALSE
b,32,64,1,TRUE
b,32,64,1,TRUE
b,32,64,1,TRUE
b,32,64,1,TRUE
b,32,64,1,TRUE
b,32,64,0,FALSE
b,32,64,1,TRUE
b,32,64,1,TRUE
b,32,64,1,TRUE
b,32,64,0,FALSE
b,32,64,1,TRUE
b,32,64,1,TRUE
b,32,64,1,TRUE
b,32,64,1,TRUE
b,32,64,1,TRUE
b,32,64,0,FALSE
b,32,64,1,TRUE
b,32,64,1,TRUE
b,32,64,0,FALSE
b,32,64,1,TRUE
b,32,64,1,TRUE
b,32,64,1,TRUE
b,32,64,1,TRUE
b,32,64,1,TRUE
b,32,64,1,TRUE
b,32,64,1,TRUE
b,32,64,1,TRUE
b,32,64,1,TRUE
b,32,64,1,TRUE
b,32,64,1,TRUE
b,32,64,0,FALSE
b,32,64,1,TRUE
b,32,64,1,TRUE
b,32,64,1,TRUE
b,32,64,1,TRUE
b,32,64,1,TRUE
b,32,64,1,TRUE
b,32,64,1,TRUE
b,32,64,1,TRUE
b,32,64,1,TRUE
b,32,64,1,TRUE
b,32,64,1,TRUE
b,32,64,1,TRUE
b,32,64,1,TRUE
b,32,64,1,TRUE
b,32,64,1,TRUE
b,32,64,1,TRUE
b,32,64,1,TRUE
b,32,64,1,TRUE
b,32,64,1,TRUE
b,32,64,0,FALSE
b,32,64,1,TRUE
b,32,64,0,FALSE
b,32,64,1,TRUE
b,32,64,1,TRUE
b,32,64,1,TRUE
b,32,64,1,TRUE
b,32,64,1,TRUE
b,32,64,0,FALSE
b,32,64,1,TRUE
b,32,64,1,TRUE
b,32,64,1,TRUE
b,32,64,1,TRUE
b,32,64,1,TRUE
b,32,64,1,TRUE
b,32,64,1,TRUE
b,32,64,1,TRUE
b,32,64,0,FALSE
b,32,64,1,TRUE
b,32,64,1,TRUE
b,32,64,1,TRUE
b,32,64,1,TRUE
b,32,64,1,TRUE
b,32,64,1,TRUE
b,32,64,1,TRUE
b,32,64,1,TRUE
b,32,64,1,TRUE
b,32,64,1,TRUE
b,32,64,1,TRUE
b,32,64,1,TRUE
b,32,64,1,TRUE
b,32,64,0,FALSE
b,32,64,1,TRUE
b,32,64,1,TRUE
b,32,64,1,TRUE
b,32,64,1,TRUE
b,32,64,1,TRUE
b,32,64,1,TRUE
b,32,64,1,TRUE
b,32,64,1,TRUE
b,32,64,1,TRUE
b,32,64,1,TRUE
b,32,64,0,FALSE
b,32,64,1,TRUE
b,32,64,1,TRUE
b,32,64,1,TRUE
b,32,64,1,TRUE
b,32,64,1,TRUE
b,32,64,1,TRUE
b,32,64,1,TRUE
b,32,64,0,FALSE
b,32,64,1,TRUE
b,32,64,1,TRUE
b,32,64,1,TRUE
b,32,64,1,TRUE
b,32,64,1,TRUE
b,32,64,1,TRUE
b,32,64,1,TRUE
b,32,64,1,TRUE
b,32,64,1,TRUE
b,32,64,1,TRUE
b,32,64,0,FALSE
b,32,64,0,FALSE
b,32,64,0,FALSE
b,32,64,1,TRUE
b,32,64,1,TRUE
b,32,64,1,TRUE
b,32,64,0,FALSE
b,32,64,1,TRUE
b,32,64,0,FALSE
b,32,64,0,FALSE
b,32,64,1,TRUE
b,32,64,1,TRUE
b,32,64,1,TRUE
b,32,64,1,TRUE
b,32,64,1,TRUE
b,32,64,1,TRUE
b,32,64,1,TRUE
b,32,64,1,TRUE
b,32,64,1,TRUE
b,32,64,0,FALSE
b,32,64,1,TRUE
b,32,64,0,FALSE
b,32,64,1,TRUE
b,32,64,1,TRUE
b,32,64,1,TRUE
b,32,64,1,TRUE
b,32,64,1,TRUE
b,32,64,0,FALSE
b,32,64,1,TRUE
b,32,64,1,TRUE
b,32,64,1,TRUE
b,32,64,1,TRUE
b,32,64,0,FALSE
b,32,64,1,TRUE
b,32,64,1,TRUE
b,32,64,1,TRUE
b,32,64,1,TRUE
b,32,64,1,TRUE
b,32,64,1,TRUE
b,32,64,1,TRUE
b,32,64,1,TRUE
b,32,64,1,TRUE
b,32,64,1,TRUE
b,32,64,0,FALSE
b,32,64,1,TRUE
b,32,64,1,TRUE
b,32,64,1,TRUE
b,32,64,0,FALSE
b,32,64,1,TRUE
b,32,64,1,TRUE
b,32,64,1,TRUE
b,32,64,0,FALSE
b,32,64,1,TRUE
b,32,64,1,TRUE
b,32,64,1,TRUE
b,32,64,1,TRUE
b,32,64,1,TRUE
b,32,64,1,TRUE
b,32,64,1,TRUE
b,32,64,1,TRUE
b,32,64,0,FALSE
b,32,64,1,TRUE
b,32,64,1,TRUE
b,32,64,1,TRUE
b,32,64,1,TRUE
b,32,64,0,FALSE
b,32,64,1,TRUE
b,32,64,1,TRUE
b,32,64,1,TRUE
b,32,64,1,TRUE
b,32,64,0,FALSE
b,32,64,0,FALSE
b,32,64,1,TRUE
b,32,64,1,TRUE
b,32,64,1,TRUE
b,32,64,1,TRUE
b,32,64,1,TRUE
b,32,64,1,TRUE
b,32,64,0,FALSE
b,32,64,1,TRUE
b,32,64,0,FALSE
b,32,64,1,TRUE
b,32,64,1,TRUE
b,32,64,1,TRUE
b,32,64,1,TRUE
b,32,64,0,FALSE
b,32,64,1,TRUE
b,32,64,0,FALSE
b,32,64,1,TRUE
b,32,64,1,TRUE
b,32,64,1,TRUE
b,32,64,0,FALSE
b,32,64,1,TRUE
b,32,64,1,TRUE
b,32,64,1,TRUE
b,32,64,1,TRUE
b,32,64,0,FALSE
b,32,64,1,TRUE
b,32,64,1,TRUE
b,32,64,1,TRUE
b,32,64,1,TRUE
b,32,64,1,TRUE
b,32,64,1,TRUE
b,32,64,1,TRUE
b,32,64,1,TRUE
b,32,64,1,TRUE
b,32,64,1,TRUE
b,32,64,1,TRUE
b,32,64,1,TRUE
b,32,64,1,TRUE
b,32,64,1,TRUE
b,32,64,1,TRUE
b,32,64,1,TRUE
b,32,64,0,FALSE
b,32,64,0,FALSE
b,32,64,1,TRUE
b,32,64,1,TRUE
b,32,64,1,TRUE
b,32,64,1,TRUE
b,32,64,1,TRUE
b,32,64,1,TRUE
b,32,64,0,FALSE
b,32,64,1,TRUE
b,32,64,1,TRUE
b,32,64,1,TRUE
b,32,64,1,TRUE
b,32,64,1,TRUE
b,32,64,1,TRUE
b,32,64,1,TRUE
b,32,64,1,TRUE
b,32,64,1,TRUE
b,32,64,1,TRUE
b,32,64,1,TRUE
b,32,64,0,FALSE
b,32,64,1,TRUE
b,32,64,1,TRUE
b,32,64,1,TRUE
b,32,64,1,TRUE
b,32,64,1,TRUE
b,32,64,0,FALSE
b,32,64,1,TRUE
b,32,64,1,TRUE
b,32,64,1,TRUE
b,32,64,1,TRUE
b,32,64,1,TRUE
b,32,64,0,FALSE
b,32,64,1,TRUE
b,32,64,1,TRUE
b,32,64,0,FALSE
b,32,64,0,FALSE
b,32,64,1,TRUE
b,32,64,1,TRUE
b,32,64,1,TRUE
b,32,64,1,TRUE
b,32,64,1,TRUE
b,32,64,1,TRUE
b,32,64,1,TRUE
b,32,64,1,TRUE
b,32,64,1,TRUE
b,32,64,0,FALSE
b,32,64,1,TRUE
b,32,64,1,TRUE
b,32,64,0,FALSE
b,32,64,0,FALSE
b,32,64,1,TRUE
b,32,64,1,TRUE
b,32,64,1,TRUE
b,32,64,0,FALSE
b,32,64,0,FALSE
b,32,64,1,TRUE
b,32,64,0,FALSE
